ID,Edad,Fecha,Genero,Creatinina,TFG,Presion Arterial Sistolica,Presion Arterial Diastolica,Obesidad,Albumina,Estadio ERC,Prediccion Estadio ERC
16,54,2025-06-10,0,2.1,20,97,78,0,30,4.0,4.0
47,15,2025-06-10,1,1.9,34,172,116,0,37,3.0,3.0
52,71,2025-06-10,0,1.5,66,163,71,1,44,2.0,2.0
79,41,2025-06-10,0,0.3,95,148,110,1,40,1.0,1.0
86,22,2025-06-10,1,1.5,85,101,94,0,42,2.0,2.0
135,42,2025-06-10,1,2.0,36,116,111,0,35,3.0,3.0
177,52,2025-06-10,0,1.4,67,140,99,1,38,2.0,2.0
181,44,2025-06-10,0,0.9,97,171,112,1,41,1.0,1.0
183,67,2025-06-10,1,1.4,63,116,88,1,45,2.0,2.0
205,35,2025-06-10,1,1.5,81,125,72,1,39,2.0,2.0
215,78,2025-06-10,1,2.1,24,177,80,1,32,4.0,4.0
229,28,2025-06-10,1,1.4,82,141,92,1,45,2.0,2.0
241,41,2025-06-10,1,2.0,43,134,75,1,37,3.0,3.0
246,44,2025-06-10,0,1.5,90,96,86,0,42,2.0,2.0
334,33,2025-06-10,0,1.6,51,173,67,1,37,3.0,3.0
363,23,2025-06-10,1,1.4,67,101,88,0,39,2.0,2.0
401,29,2025-06-10,0,0.8,96,167,109,1,43,1.0,1.0
443,46,2025-06-10,0,1.4,73,124,80,1,46,2.0,2.0
496,26,2025-06-10,1,1.4,73,138,111,0,38,2.0,2.0
515,59,2025-06-10,1,2.2,23,152,69,1,33,4.0,4.0
542,57,2025-06-10,0,1.4,88,127,63,1,43,2.0,2.0
569,55,2025-06-10,1,1.5,64,123,82,1,41,2.0,2.0
577,84,2025-06-10,1,1.9,51,121,116,1,36,3.0,3.0
602,73,2025-06-10,0,0.5,99,170,77,0,43,1.0,1.0
611,59,2025-06-10,1,0.4,91,109,110,0,42,1.0,1.0
673,71,2025-06-10,0,2.3,26,172,115,0,34,4.0,4.0
680,76,2025-06-10,0,2.9,13,164,89,0,24,5.0,5.0
691,82,2025-06-10,1,1.4,68,138,119,0,45,2.0,2.0
769,24,2025-06-10,1,1.5,90,141,67,1,43,2.0,2.0
798,22,2025-06-10,0,0.9,93,150,95,0,44,1.0,1.0
844,49,2025-06-10,0,0.3,94,122,69,1,47,1.0,1.0
873,83,2025-06-10,1,2.4,29,125,119,0,33,4.0,4.0
894,16,2025-06-10,0,1.4,90,97,104,0,45,2.0,2.0
936,53,2025-06-10,0,1.5,76,128,119,0,46,2.0,2.0
1015,71,2025-06-10,0,0.3,95,171,103,1,46,1.0,1.0
1067,55,2025-06-10,1,1.8,35,116,94,0,37,3.0,3.0
1108,55,2025-06-10,0,2.6,11,174,76,0,25,5.0,5.0
1154,45,2025-06-10,1,1.3,98,138,64,0,46,1.0,1.0
1155,43,2025-06-10,0,1.4,67,172,89,1,47,2.0,2.0
1166,15,2025-06-10,1,1.1,91,109,84,0,43,1.0,1.0
1170,64,2025-06-10,1,1.0,92,116,110,1,44,1.0,1.0
1193,15,2025-06-10,1,1.5,74,171,119,0,40,2.0,2.0
1276,42,2025-06-10,1,0.6,93,99,71,0,40,1.0,1.0
1297,55,2025-06-10,0,1.6,40,120,103,0,35,3.0,3.0
1316,38,2025-06-10,1,2.5,29,110,98,0,32,4.0,4.0
1334,64,2025-06-10,1,1.0,95,99,111,0,42,1.0,1.0
1355,63,2025-06-10,1,2.0,31,98,100,0,37,3.0,3.0
1364,31,2025-06-10,0,1.3,91,140,66,0,40,1.0,1.0
1442,68,2025-06-10,0,1.3,93,102,114,0,42,1.0,1.0
1534,71,2025-06-10,0,1.5,85,118,114,1,47,2.0,2.0
1615,56,2025-06-10,0,2.6,13,134,72,1,26,5.0,5.0
1627,53,2025-06-10,1,0.4,92,141,88,1,43,1.0,1.0
1634,18,2025-06-10,1,1.3,91,139,106,1,42,1.0,2.0
1642,45,2025-06-10,0,3.0,11,95,68,1,28,5.0,5.0
1662,37,2025-06-10,1,2.6,10,109,78,1,21,5.0,5.0
1680,32,2025-06-10,0,0.3,93,99,108,1,40,1.0,1.0
1697,40,2025-06-10,0,2.6,12,104,67,0,26,5.0,5.0
1708,31,2025-06-10,0,1.1,99,119,66,0,46,1.0,1.0
1772,38,2025-06-10,0,0.7,96,92,103,0,47,1.0,1.0
1782,72,2025-06-10,0,2.8,13,116,98,1,29,5.0,5.0
1890,26,2025-06-10,1,2.4,19,157,85,0,33,4.0,4.0
1896,14,2025-06-10,1,1.8,30,123,94,1,37,3.0,3.0
1966,46,2025-06-10,0,2.7,13,92,101,0,21,5.0,5.0
2000,21,2025-06-10,0,0.3,92,171,94,1,46,1.0,1.0
2008,36,2025-06-10,1,1.7,33,103,84,0,36,3.0,3.0
2024,18,2025-06-10,1,3.0,10,157,71,1,24,5.0,5.0
2028,51,2025-06-10,0,0.7,94,90,91,1,42,1.0,1.0
2038,75,2025-06-10,0,1.9,54,105,91,0,36,3.0,3.0
2122,84,2025-06-10,0,1.4,70,156,102,0,41,2.0,2.0
2148,68,2025-06-10,0,2.7,11,96,116,0,24,5.0,5.0
2156,45,2025-06-10,0,3.0,13,138,76,1,23,5.0,5.0
2178,34,2025-06-10,1,1.5,89,108,106,0,46,2.0,2.0
2199,81,2025-06-10,1,1.1,95,161,72,1,40,1.0,1.0
2206,76,2025-06-10,1,2.4,26,90,78,1,30,4.0,4.0
2223,73,2025-06-10,0,2.2,21,180,92,1,32,4.0,4.0
2230,44,2025-06-10,1,2.3,20,140,98,1,31,4.0,4.0
2292,19,2025-06-10,0,0.5,98,124,107,0,46,1.0,1.0
2302,58,2025-06-10,0,1.2,94,90,105,1,40,1.0,1.0
2376,51,2025-06-10,0,3.0,13,138,72,0,29,5.0,5.0
2429,80,2025-06-10,1,2.2,20,151,84,1,32,4.0,4.0
2473,57,2025-06-10,0,1.6,58,102,67,1,35,3.0,3.0
2480,46,2025-06-10,0,1.2,93,170,84,0,40,1.0,1.0
2493,55,2025-06-10,1,1.5,69,126,105,0,44,2.0,2.0
2552,61,2025-06-10,0,0.9,98,103,92,1,47,1.0,1.0
2576,45,2025-06-10,0,0.6,99,148,110,0,47,1.0,1.0
2582,43,2025-06-10,0,1.4,76,130,71,1,45,2.0,2.0
2584,81,2025-06-10,1,2.4,21,161,67,1,31,4.0,4.0
2639,47,2025-06-10,0,2.1,18,166,108,0,31,4.0,4.0
2700,81,2025-06-10,0,1.5,69,159,114,1,40,2.0,2.0
2766,31,2025-06-10,1,2.2,21,125,111,1,31,4.0,4.0
2791,60,2025-06-10,1,1.5,81,108,100,0,44,2.0,2.0
2804,58,2025-06-10,1,0.4,94,149,117,0,43,1.0,1.0
2825,75,2025-06-10,1,0.8,95,96,61,0,45,1.0,1.0
2861,61,2025-06-10,1,2.0,51,90,77,1,35,3.0,3.0
2867,31,2025-06-10,1,2.6,10,163,70,1,21,5.0,5.0
2908,16,2025-06-10,0,1.3,97,116,99,0,40,1.0,1.0
2932,76,2025-06-10,1,1.9,53,119,79,1,35,3.0,3.0
2980,44,2025-06-10,0,1.7,38,124,116,0,36,3.0,3.0
3012,20,2025-06-10,0,2.9,11,161,82,0,24,5.0,5.0
3084,37,2025-06-10,0,2.6,13,101,77,1,20,5.0,5.0
3175,69,2025-06-10,1,2.1,22,121,120,1,31,4.0,4.0
3178,32,2025-06-10,1,0.4,91,133,78,1,42,1.0,1.0
3343,27,2025-06-10,0,1.4,69,97,64,1,42,2.0,2.0
3384,51,2025-06-10,1,1.3,91,167,109,1,40,1.0,1.0
3399,62,2025-06-10,1,1.9,49,130,95,0,37,3.0,3.0
3405,52,2025-06-10,1,1.6,53,104,62,0,37,3.0,3.0
3423,41,2025-06-10,0,1.0,92,92,85,0,42,1.0,1.0
3435,86,2025-06-10,0,1.3,98,145,91,1,42,1.0,1.0
3439,13,2025-06-10,0,0.9,92,92,70,0,46,1.0,1.0
3461,53,2025-06-10,1,0.6,99,145,102,1,41,1.0,1.0
3500,40,2025-06-10,1,2.7,10,142,119,1,28,5.0,4.0
3501,84,2025-06-10,0,2.2,23,166,71,0,31,4.0,4.0
3527,85,2025-06-10,1,1.6,57,158,100,1,37,3.0,3.0
3528,70,2025-06-10,0,1.2,97,144,62,0,44,1.0,1.0
3544,83,2025-06-10,0,1.9,34,126,107,0,35,3.0,3.0
3574,73,2025-06-10,0,0.9,94,98,76,0,40,1.0,1.0
3598,44,2025-06-10,1,1.4,86,121,89,1,43,2.0,2.0
3620,78,2025-06-10,1,0.5,99,134,70,1,44,1.0,1.0
3657,74,2025-06-10,0,1.8,60,141,94,0,37,3.0,3.0
3663,42,2025-06-10,0,1.5,82,127,98,1,40,2.0,2.0
3746,35,2025-06-10,1,2.5,18,171,68,0,34,4.0,4.0
3767,37,2025-06-10,0,1.4,63,107,83,0,46,2.0,2.0
3774,15,2025-06-10,1,0.9,97,116,73,0,43,1.0,1.0
3793,61,2025-06-10,0,1.3,93,149,67,1,47,1.0,2.0
3877,54,2025-06-10,0,1.7,55,122,97,0,36,3.0,3.0
3881,46,2025-06-10,0,2.5,27,113,81,0,31,4.0,4.0
3907,45,2025-06-10,1,1.0,93,155,67,1,42,1.0,1.0
3962,75,2025-06-10,0,2.4,25,155,111,1,32,4.0,4.0
3963,16,2025-06-10,1,1.1,95,175,70,0,40,1.0,1.0
3978,82,2025-06-10,0,0.7,96,90,112,0,40,1.0,1.0
4025,56,2025-06-10,0,1.4,76,143,103,1,45,2.0,2.0
4034,20,2025-06-10,1,2.1,16,176,78,1,31,4.0,4.0
4064,73,2025-06-10,1,1.8,54,140,64,0,37,3.0,3.0
4066,46,2025-06-10,0,0.4,94,98,103,1,42,1.0,1.0
4116,54,2025-06-10,1,2.0,59,179,72,0,37,3.0,3.0
4138,75,2025-06-10,1,1.5,88,172,119,1,44,2.0,2.0
4197,63,2025-06-10,0,1.4,79,151,104,1,42,2.0,2.0
4199,49,2025-06-10,1,0.9,96,117,101,0,44,1.0,1.0
4223,89,2025-06-10,1,2.0,40,101,95,1,35,3.0,3.0
4225,71,2025-06-10,0,1.6,35,129,66,0,35,3.0,3.0
4246,52,2025-06-10,0,1.4,90,137,102,0,38,2.0,2.0
4279,16,2025-06-10,0,2.2,24,111,75,0,31,4.0,4.0
4394,51,2025-06-10,1,2.4,27,142,109,1,31,4.0,4.0
4406,60,2025-06-10,1,1.5,77,118,61,0,43,2.0,2.0
4445,21,2025-06-10,0,1.8,51,95,100,1,35,3.0,3.0
4470,88,2025-06-10,0,1.6,44,130,99,1,36,3.0,3.0
4490,76,2025-06-10,0,2.9,13,91,71,0,28,5.0,5.0
4557,20,2025-06-10,0,1.8,35,97,80,1,36,3.0,3.0
4559,81,2025-06-10,0,1.5,78,159,102,1,43,2.0,2.0
4604,27,2025-06-10,1,2.0,55,106,118,0,35,3.0,3.0
4670,28,2025-06-10,1,1.1,94,100,118,1,43,1.0,1.0
4677,74,2025-06-10,0,2.2,17,149,71,1,33,4.0,4.0
4685,25,2025-06-10,0,2.4,22,146,117,0,30,4.0,4.0
4694,83,2025-06-10,1,0.4,98,151,115,0,41,1.0,1.0
4826,66,2025-06-10,0,0.7,98,108,67,0,47,1.0,1.0
4848,43,2025-06-10,0,0.7,96,105,96,0,44,1.0,1.0
4870,13,2025-06-10,0,1.7,44,141,82,1,37,3.0,3.0
4881,15,2025-06-10,0,2.4,19,157,110,0,34,4.0,4.0
4892,63,2025-06-10,1,1.0,96,123,98,0,40,1.0,1.0
4910,25,2025-06-10,1,2.4,24,92,91,0,34,4.0,4.0
4918,89,2025-06-10,1,1.5,66,125,88,0,46,2.0,2.0
4940,77,2025-06-10,1,1.4,88,174,62,1,40,2.0,1.0
4991,87,2025-06-10,0,1.1,97,123,104,1,44,1.0,1.0
5065,44,2025-06-10,1,1.5,79,138,66,0,44,2.0,2.0
5066,44,2025-06-10,0,0.6,92,151,86,0,41,1.0,1.0
5098,44,2025-06-10,1,2.1,20,115,80,0,34,4.0,4.0
5116,38,2025-06-10,1,2.9,12,116,67,1,21,5.0,5.0
5122,33,2025-06-10,0,0.9,91,137,75,1,46,1.0,1.0
5123,28,2025-06-10,1,1.4,85,179,90,1,47,2.0,2.0
5142,62,2025-06-10,0,1.5,87,142,96,0,43,2.0,2.0
5174,19,2025-06-10,0,2.4,22,175,73,0,33,4.0,4.0
5258,63,2025-06-10,1,1.5,89,147,74,0,46,2.0,2.0
5266,29,2025-06-10,0,0.5,99,171,110,1,45,1.0,1.0
5348,43,2025-06-10,0,2.3,24,157,104,0,33,4.0,4.0
5421,36,2025-06-10,1,2.1,20,92,93,1,32,4.0,4.0
5450,80,2025-06-10,0,2.3,26,165,67,1,32,4.0,4.0
5532,39,2025-06-10,1,1.4,86,153,113,1,40,2.0,2.0
5533,80,2025-06-10,1,0.8,98,131,89,0,43,1.0,1.0
5556,69,2025-06-10,0,1.4,67,145,102,1,43,2.0,2.0
5629,54,2025-06-10,1,2.0,35,168,100,1,37,3.0,3.0
5640,32,2025-06-10,1,0.8,97,149,83,1,43,1.0,1.0
5654,74,2025-06-10,0,0.8,98,105,64,0,44,1.0,1.0
5662,86,2025-06-10,1,0.8,98,172,67,1,40,1.0,1.0
5724,16,2025-06-10,1,0.6,91,113,89,1,44,1.0,1.0
5731,68,2025-06-10,1,1.5,87,155,106,0,45,2.0,2.0
5734,18,2025-06-10,1,1.5,69,100,105,1,45,2.0,2.0
5739,84,2025-06-10,0,1.9,35,157,75,0,37,3.0,3.0
5771,68,2025-06-10,1,1.2,92,134,87,0,41,1.0,1.0
5792,71,2025-06-10,1,2.0,55,115,110,1,37,3.0,3.0
5804,38,2025-06-10,1,0.7,97,94,89,0,45,1.0,1.0
5821,82,2025-06-10,0,1.5,70,118,70,1,43,2.0,2.0
5845,40,2025-06-10,1,2.6,14,148,103,0,24,5.0,5.0
5851,14,2025-06-10,0,1.0,99,96,76,0,41,1.0,1.0
5876,64,2025-06-10,1,1.8,51,105,80,1,37,3.0,3.0
5904,25,2025-06-10,0,1.5,66,166,70,1,40,2.0,2.0
5947,66,2025-06-10,1,1.1,92,176,61,1,44,1.0,1.0
5968,17,2025-06-10,1,2.4,19,154,105,1,30,4.0,4.0
5988,51,2025-06-10,0,0.9,97,174,113,0,41,1.0,1.0
5989,73,2025-06-10,1,1.8,38,158,117,1,35,3.0,3.0
